stars,forks,watchers,open_issues,size,updated_at
367465,32218,367465,222,400193,2023
280773,55425,280773,43,16794,2023
265935,21409,265935,16732,188163,2023
258221,67828,258221,56,20576,2023
255467,25815,255467,66,1461,2023
241131,27565,241131,173,4948,2023
240473,33962,240473,418,1556084,2023
220937,39203,220937,382,11187,2023
208035,43456,208035,1270,324088,2023
203766,33771,203766,637,31925,2023
202358,19748,202358,286,985,2023
174952,88387,174952,2156,928031,2023
170380,27951,170380,311,13236,2023
169119,23241,169119,352,6728,2023
168153,32579,168153,132,12512,2023
164450,50212,164450,182,116174,2023
163905,78514,163905,408,230423,2023
159236,25277,159236,617,10761,2023
159024,40148,159024,168,13542,2023
153698,25419,153698,11597,260160,2023
152273,48146,152273,312,4448307,2023
148284,84184,148284,410,2356,2023
146582,25782,146582,7032,868579,2023
139681,18006,139681,16,1204,2023
136432,13601,136432,223,2673,2023
136202,49177,136202,682,310266,2023
135344,28020,135344,762,7904,2023
134516,25618,134516,160,3606,2023
134010,44080,134010,66,160744,2023
133525,7670,133525,93,15236,2023
120572,9007,120572,4727,64997,2023
116202,22354,116202,325,124710,2023
111823,11509,111823,0,592899,2023
111592,16580,111592,8322,351856,2023
109764,23288,109764,1962,858159,2023
107535,14691,107535,903,138605,2023
106714,23965,106714,2014,1839121,2023
105433,23313,105433,3,42648,2023
103169,14479,103169,38,438,2023
102607,27534,102607,28,1236,2023
102106,10981,102106,140,10408,2023
101761,20695,101761,714,144824,2023
100307,10337,100307,444,12006,2023
99900,26377,99900,2018,23405,2023
98666,36197,98666,2460,1193622,2023
98562,7320,98562,44,3479,2023
95593,25963,95593,1711,1035252,2023
92131,34711,92131,498,1287638,2023
91509,11780,91509,6316,2107494,2023
91325,5308,91325,4980,327384,2023
90926,11853,90926,19,32024,2023
89533,4870,89533,1355,102205,2023
89406,9248,89406,47,70080,2023
88898,7787,88898,1501,134115,2023
88327,23634,88327,1451,460653,2023
86914,29831,86914,1472,381471,2023
86022,39726,86022,964,158985,2023
84042,8632,84042,1384,5520,2023
83366,8955,83366,286,477903,2023
82479,29775,82479,1295,15436,2023
82328,11160,82328,84,520,2023
82130,25117,82130,203,30761,2023
81893,10812,81893,9572,978409,2023
78806,8472,78806,2202,675360,2023
78279,15137,78279,1952,30540,2023
77870,16471,77870,51,1778,2023
77571,3353,77571,288,4031,2023
77062,9848,77062,271,624,2023
75849,46261,75849,1199,613022,2023
74523,6923,74523,68,37830,2023
73545,23741,73545,31,10635,2023
73169,13915,73169,18,509807,2023
72927,5301,72927,4,230560,2023
71497,12423,71497,5375,110561,2023
71007,29256,71007,136,238395,2023
70821,6772,70821,45,301,2023
70211,2983,70211,367,88608,2023
70175,18329,70175,3,33676,2023
70117,7632,70117,17,6866,2023
69994,10968,69994,76,87472,2023
69684,34278,69684,644,233352,2023
69239,8993,69239,100,4451,2023
69025,55329,69025,2464,518156,2023
68894,7474,68894,690,3220,2023
68787,3549,68787,17,94355,2023
68665,9351,68665,48,13004,2023
68006,3322,68006,824,91916,2023
67848,11502,67848,99,27875,2023
67475,38696,67475,645,167374,2023
67290,7227,67290,376,3307,2023
67254,7200,67254,656,115316,2023
67232,18412,67232,12000,1323337,2023
67008,6600,67008,660,3761,2023
66360,26865,66360,35,57980,2023
66192,4659,66192,1707,248448,2023
65973,18693,65973,4218,198022,2023
65343,8535,65343,24,165,2023
65233,6260,65233,5,2870,2023
64899,403,64899,545,113021,2023
64854,8411,64854,358,614,2023
63897,23129,63897,4115,1079931,2023
63888,1734,63888,473,74913,2023
63827,16528,63827,741,21213,2023
63209,5525,63209,319,132570,2023
63089,8745,63089,276,59457,2023
63059,15670,63059,2,10210,2023
62871,10091,62871,6502,992274,2023
61972,8962,61972,122,46803,2023
61558,11559,61558,9608,1287807,2023
60948,10475,60948,171,9096,2023
60828,5857,60828,136,10322,2023
60692,11872,60692,260,42359,2023
60640,23277,60640,2750,451424,2023
60507,5059,60507,284,52004,2023
60025,1409,60025,63,411,2023
60000,22570,60000,2405,132463,2023
59872,12580,59872,113,24091,2023
59600,15405,59600,47,28302,2023
59484,15025,59484,900,126323,2023
59414,18342,59414,996,330585,2023
59166,28116,59166,466,101744,2023
58945,14041,58945,4,2535,2023
58879,11428,58879,322,16027,2023
58428,19350,58428,397,36004,2023
58361,4868,58361,519,17148,2023
58292,10192,58292,118,17185,2023
58049,17715,58049,62,3080,2023
57869,4644,57869,863,221758,2023
57735,11823,57735,329,7567,2023
57505,20778,57505,85,32342,2023
57472,23372,57472,981,243249,2023
57161,10892,57161,9,5056,2023
56869,6913,56869,78,289494,2023
56836,4674,56836,4335,5,2023
56570,16471,56570,141,13485,2023
56537,5015,56537,538,33106,2023
56419,6936,56419,507,47581,2023
56235,7877,56235,70,858,2023
56135,7948,56135,17,518,2023
55734,6724,55734,4,2471,2023
55567,16737,55567,269,2238,2023
55489,10839,55489,3592,784654,2023
55421,7585,55421,23,1096,2023
55289,19477,55289,2288,227550,2023
54839,6838,54839,136,2964,2023
54769,6481,54769,249,42830,2023
54764,8535,54764,496,43676,2023
54665,12231,54665,7,22577,2023
54493,7756,54493,12,3743,2023
54483,10536,54483,134,1116000,2023
54359,24299,54359,2191,154251,2023
54324,9325,54324,123,955,2023
53935,6553,53935,381,422912,2023
53666,7724,53666,360,402206,2023
53401,26858,53401,8175,572290,2023
53399,14552,53399,2531,91788,2023
52903,21131,52903,826,260785,2023
52386,2195,52386,319,5082,2023
52166,3764,52166,329,125456,2023
52141,10656,52141,1354,451969,2023
52055,17305,52055,2,3536,2023
51934,36176,51934,1436,192141,2023
51635,2780,51635,835,150983,2023
51615,3539,51615,134,67726,2023
51593,6250,51593,97,498,2023
51593,10512,51593,2,5007,2023
51482,5317,51482,371,75750,2023
51414,6815,51414,811,1884,2023
51276,9317,51276,6,145884,2023
51240,5667,51240,22,1505,2023
51179,8558,51179,397,52750,2023
50745,3809,50745,274,1115978,2023
50738,12694,50738,11,174081,2023
50625,15552,50625,107,207074,2023
50597,5104,50597,1070,113055,2023
50396,11016,50396,75,379,2023
50384,10045,50384,45,21559,2023
49696,9108,49696,285,12885,2023
49250,3482,49250,465,211841,2023
49043,13643,49043,481,1090331,2023
48775,4165,48775,1053,42905,2023
48620,9996,48620,12,179658,2023
48354,12940,48354,726,103959,2023
48327,8169,48327,897,164182,2023
48108,9630,48108,220,1778238,2023
47973,3942,47973,1200,45167,2023
47939,12633,47939,17,16821,2023
47821,6887,47821,590,68053,2023
47736,8490,47736,850,87408,2023
47539,10554,47539,739,420369,2023
47412,9232,47412,385,3752,2023
47412,3641,47412,80,17097,2023
47382,7143,47382,275,20992,2023
47361,2848,47361,1451,91366,2023
47331,7998,47331,47,1401,2023
47303,10006,47303,738,24506,2023
47234,3587,47234,376,27232,2023
47176,3943,47176,359,102177,2023
47029,7697,47029,18,139731,2023
46911,6349,46911,55,3290,2023
46842,2775,46842,342,12807,2023
46761,22998,46761,28,909811,2023
46711,10093,46711,207,55898,2023
46542,6730,46542,68,105,2023
46515,6996,46515,417,2280,2023
46445,10300,46445,25,871781,2023
46357,25089,46357,145,228132,2023
45656,3894,45656,1164,107455,2023
45483,3970,45483,881,103346,2023
45276,1015,45276,3,2579,2023
45246,5054,45246,16,1497,2023
45223,3657,45223,201,49045,2023
45108,12346,45108,25,201849,2023
44921,6969,44921,295,245456,2023
44883,2140,44883,97,330,2023
44778,5538,44778,149,1971167,2023
44772,5590,44772,1027,97102,2023
44299,3645,44299,222,19703,2023
44103,6253,44103,67,1073,2023
44100,29093,44100,874,967409,2023
44094,3335,44094,22,20995055,2023
44017,9113,44017,89,48418,2023
43783,9118,43783,33,316821,2023
43703,8287,43703,356,1249,2023
43524,9252,43524,202,75285,2023
43496,5250,43496,236,120712,2023
43459,2838,43459,2682,759755,2023
43406,9680,43406,21,4611,2023
43393,1563,43393,140,50005,2023
43277,9410,43277,127,236365,2023
43268,8105,43268,30,30468,2023
43190,4619,43190,618,120060,2023
43148,2179,43148,735,5900,2023
43148,4568,43148,268,9737,2023
42929,6785,42929,6,13400,2023
42823,6870,42823,58,21541,2023
42769,15141,42769,218,10242,2023
42702,11507,42702,188,13313,2023
42607,9390,42607,334,135482,2023
42551,18097,42551,77,131202,2023
42486,8692,42486,35,55238,2023
42453,5530,42453,55,1974,2023
42448,5199,42448,4582,266488,2023
42441,2496,42441,49,7532,2023
42418,4801,42418,1512,33616,2023
42377,16668,42377,325,204656,2023
42368,2262,42368,768,38435,2023
42315,4731,42315,850,205712,2023
42309,4211,42309,63,28850,2023
42246,5632,42246,816,98081,2023
42183,10455,42183,84,1790,2023
42018,6354,42018,538,293271,2023
42011,10751,42011,126,38293,2023
41999,7640,41999,136,369676,2023
41731,6206,41731,3776,205364,2023
41565,7265,41565,187,5899,2023
41540,1098,41540,793,55554,2023
41348,1080,41348,201,30921,2023
41339,4938,41339,135,16778,2023
41184,2889,41184,1964,119363,2023
41171,8287,41171,2,844,2023
41089,5283,41089,29,764,2023
41054,2125,41054,116,1844,2023
41011,3193,41011,16,1608,2023
41000,3728,41000,2,2992,2023
40944,3440,40944,896,21757,2023
40897,10056,40897,61,10955,2023
40889,4852,40889,11,159,2023
40810,8349,40810,93,202497,2023
40765,2154,40765,538,58574,2023
40580,4313,40580,143,2272,2023
40074,12507,40074,110,34429,2023
40036,4754,40036,150,91417,2023
39968,3052,39968,1043,72432,2023
39727,4895,39727,1355,305729,2023
39684,4430,39684,109,339,2023
39677,8868,39677,531,848593,2023
39648,6593,39648,5,4906,2023
39614,3954,39614,877,129379,2023
39482,7309,39482,375,2331015,2023
39365,7462,39365,41,31860,2023
39138,4700,39138,42,114140,2023
39119,2540,39119,778,13026,2023
38978,2451,38978,170,34664,2023
38945,9527,38945,148,93557,2023
38915,25916,38915,846,48038,2023
38878,6760,38878,109,2348,2023
38843,13903,38843,341,14821,2023
38832,4842,38832,798,164386,2023
38690,978,38690,129,6510,2023
38633,6598,38633,3441,92662,2023
38610,3499,38610,891,183713,2023
38495,16933,38495,194,45158,2023
38478,16313,38478,3496,326567,2023
38434,3447,38434,682,8624,2023
38388,5097,38388,116,1048,2023
38173,4203,38173,607,69537,2023
38154,3465,38154,1072,1336306,2023
38034,1706,38034,214,4429,2023
38007,10015,38007,821,483978,2023
37966,7993,37966,79,583804,2023
37911,5107,37911,217,26036,2023
37832,6907,37832,991,22834,2023
37709,2281,37709,6,31579,2023
37623,5629,37623,481,57324,2023
37553,11824,37553,29,39727,2023
37534,9628,37534,113,158860,2023
37490,2749,37490,2,1321,2023
37480,913,37480,48,517,2023
37457,5396,37457,18,5390,2023
37449,4141,37449,25,8446,2023
37398,6788,37398,11,3777,2023
37393,8644,37393,1829,299807,2023
37213,6816,37213,74,4678,2023
37209,6791,37209,1092,84091,2023
37125,5530,37125,444,81334,2023
36879,1487,36879,162,4503,2023
36865,2932,36865,560,84055,2023
36801,4505,36801,85,7549,2023
36797,5474,36797,108,112751,2023
36764,4642,36764,2122,281335,2023
36671,3445,36671,710,260,2023
36662,1322,36662,132,54411,2023
36537,7115,36537,9,1983,2023
36503,8942,36503,2126,21720,2023
36464,1368,36464,152,30959,2023
36457,3077,36457,25,3345,2023
36394,3988,36394,397,31657,2023
36389,1919,36389,36,72074,2023
36335,10921,36335,3,354540,2023
36152,2297,36152,455,924721,2023
36094,8846,36094,47,72722,2023
36065,3985,36065,345,373237,2023
36023,8566,36023,246,124951,2023
35942,2706,35942,14,138917,2023
35916,3081,35916,2,998,2023
35832,26975,35832,272,484256,2023
35762,3037,35762,1340,15439,2023
35644,8584,35644,3078,748485,2023
35635,7381,35635,445,126667,2023
35522,11129,35522,3,171448,2023
35498,2197,35498,82,5871,2023
35488,7548,35488,662,511685,2023
35393,12210,35393,158,659,2023
35365,1010,35365,317,16916,2023
35353,1704,35353,116,4558,2023
35278,7227,35278,91,3638,2023
35231,9718,35231,191,78766,2023
35213,1423,35213,488,38001,2023
35202,9331,35202,26,57441,2023
35192,22032,35192,53,2410,2023
35112,2141,35112,553,45914,2023
35020,6030,35020,100,180628,2023
35005,1753,35005,10,27816,2023
34924,5080,34924,6,21553,2023
34910,4464,34910,227,29213,2023
34867,9288,34867,30,1104,2023
34779,2205,34779,10,6402,2023
34723,13554,34723,34,52017,2023
34707,13296,34707,318,2674,2023
34707,2252,34707,48,35224,2023
34658,4296,34658,316,19396,2023
34603,2317,34603,314,33631,2023
34594,7442,34594,183,16442,2023
34553,7505,34553,0,144238,2023
34515,2810,34515,181,38743,2023
34490,6756,34490,323,1304653,2023
34472,6980,34472,103,371532,2023
34441,1899,34441,247,15960,2023
34367,4213,34367,232,25663,2023
34351,9241,34351,869,317,2023
34346,1467,34346,553,31938,2023
34272,7910,34272,258,7461,2023
34266,3801,34266,1206,398255,2023
34239,3610,34239,52,138664,2023
34217,53639,34217,58,376871,2023
34208,3279,34208,328,121327,2023
34111,5485,34111,3983,460936,2023
34111,8108,34111,16,13555,2023
34032,3297,34032,58,3423,2023
33967,3688,33967,150,7680,2023
33960,3578,33960,24547,2415,2023
33933,5353,33933,24,136347,2023
33921,3733,33921,1,6902,2023
33861,60274,33861,260,18260,2023
33825,7610,33825,1,396,2023
33788,9091,33788,64,8908,2023
33750,2904,33750,930,17524,2023
33726,2046,33726,902,69204,2023
33697,11630,33697,34,53584,2023
33634,2108,33634,235,6296,2023
33622,6067,33622,449,95399,2023
33606,5567,33606,83,8883,2023
33586,3080,33586,59,232,2023
33450,7961,33450,2787,92974,2023
33418,3664,33418,259,10989,2023
33382,19075,33382,447,891,2023
33368,18993,33368,1180,76170,2023
33342,10357,33342,103,6129,2023
33322,2410,33322,1573,266349,2023
33274,5455,33274,12,29435,2023
33264,2859,33264,442,44379,2023
33177,4092,33177,8,3226,2023
33034,7127,33034,632,251284,2023
32971,4478,32971,1001,1434342,2023
32959,3152,32959,209,41226,2023
32922,8026,32922,129,106471,2023
32901,3986,32901,76,5250,2023
32863,2912,32863,157,125291,2023
32796,8529,32796,39,12602,2023
32754,4375,32754,27,1088,2023
32732,7302,32732,280,1653,2023
32701,2560,32701,73,1091,2023
32671,1861,32671,56,20100,2023
32599,1710,32599,191,124,2023
32585,1862,32585,121,50653,2023
32536,4394,32536,3004,413331,2023
32506,5936,32506,26,11530,2023
32499,3586,32499,217,4489,2023
32465,2093,32465,394,7132,2023
32462,6996,32462,259,44432,2023
32395,5098,32395,429,27689,2023
32385,5014,32385,2,80071,2023
32378,2683,32378,795,14252,2023
32373,8879,32373,9,4168390,2023
32337,6219,32337,7,365050,2023
32191,1646,32191,903,5288,2023
32172,5183,32172,403,56968,2023
32167,10602,32167,270,47327,2023
32151,2885,32151,1756,167091,2023
32081,7794,32081,7864,60810,2023
31984,2796,31984,28,4833,2023
31964,2683,31964,203,1949,2023
31885,8444,31885,52,7113,2023
31797,9092,31797,2638,413309,2023
31696,4325,31696,1047,6121,2023
31592,1137,31592,2894,95813,2023
31575,1657,31575,574,19788,2023
31516,2136,31516,164,30693,2023
31484,8000,31484,293,50650,2023
31433,2222,31433,2418,4495,2023
31406,7995,31406,2818,8283,2023
31403,2692,31403,731,245020,2023
31389,5695,31389,350,34349,2023
31317,5804,31317,1953,26010,2023
31267,1929,31267,129,8803,2023
31232,12003,31232,27,2139,2023
31230,15332,31230,568,88228,2023
31193,979,31193,11,5909,2023
31102,3707,31102,279,57431,2023
31077,9329,31077,5,241827,2023
31058,9421,31058,273,58570,2023
31027,8147,31027,52,4767,2023
30989,2319,30989,32,1549,2023
30948,2643,30948,35,9106,2023
30768,4254,30768,42,934,2023
30710,6292,30710,279,712082,2023
30662,2436,30662,14,91,2023
30647,3540,30647,306,130990,2023
30633,6677,30633,658,56033,2023
30632,1572,30632,156,141357,2023
30619,7327,30619,3,1410,2023
30603,6277,30603,1772,347432,2023
30481,1368,30481,150,10496,2023
30454,2045,30454,21,106664,2023
30410,3271,30410,1007,31225,2023
30357,3515,30357,17,1348,2023
30350,12401,30350,863,239987,2023
30329,4752,30329,1462,210317,2023
30300,13204,30300,463,892012,2023
30227,5770,30227,92,56393,2023
30214,3525,30214,28,381,2023
30152,1483,30152,270,13740,2023
30034,2407,30034,581,14800,2023
29985,1898,29985,332,51929,2023
29944,3355,29944,409,49507,2023
29812,3475,29812,288,23989,2023
29809,2651,29809,2132,3808164,2023
29785,3324,29785,41,8434,2023
29774,5582,29774,30,11228,2023
29747,4029,29747,71,25929,2023
29726,9364,29726,301,12851,2023
29698,5371,29698,14,19269,2023
29690,1970,29690,26,668,2023
29656,6446,29656,1047,30935,2023
29567,4686,29567,218,4686,2023
29562,10079,29562,16,74343,2023
29547,10174,29547,112,14194,2023
29531,1020,29531,19,3781,2023
29523,4875,29523,181,24349,2023
29476,5597,29476,53,122997,2023
29452,7278,29452,11,2068,2023
29417,7268,29417,1012,531290,2023
29273,5848,29273,14,164709,2023
29273,18797,29273,1965,8698144,2023
29246,18705,29246,5591,6134846,2023
29175,7977,29175,162,27110,2023
29165,8309,29165,9,72749,2023
29139,6189,29139,117,8943,2023
29137,2922,29137,39,199,2023
29100,1911,29100,26,16950,2023
29052,7411,29052,18,6084,2023
29028,4355,29028,422,130830,2023
29026,8805,29026,187,836,2023
28968,3123,28968,983,61724,2023
28960,12291,28960,6,1073,2023
28935,2955,28935,245,125267,2023
28935,7179,28935,13,24841,2023
28923,5733,28923,3231,1064207,2023
28909,8256,28909,15,714371,2023
28865,4554,28865,219,5534,2023
28760,7743,28760,63,498,2023
28723,3284,28723,13,498,2023
28691,5035,28691,102,1308,2023
28597,7217,28597,1,4412744,2023
28523,1366,28523,122,25220,2023
28479,1972,28479,77,19220,2023
28463,3937,28463,68,139457,2023
28459,2844,28459,689,382600,2023
28452,5817,28452,40,994,2023
28425,25812,28425,43,4468,2023
28371,9097,28371,787,253794,2023
28350,4058,28350,294,2955,2023
28311,6959,28311,1100,3200884,2023
28288,5938,28288,57,60251,2023
28271,2827,28271,75,33148,2023
28248,1489,28248,505,117243,2023
28248,4638,28248,904,117300,2023
28224,13958,28224,196,73004,2023
28220,2418,28220,105,3558,2023
28218,1858,28218,159,329,2023
28179,3210,28179,32,21247,2023
28126,6459,28126,162,1099,2023
28087,10137,28087,150,52511,2023
28045,9598,28045,133,16993,2023
28028,13468,28028,130,16000,2023
28026,2436,28026,1129,83615,2023
28008,5539,28008,71,27144,2023
27982,5980,27982,1386,3677,2023
27942,4200,27942,842,43437,2023
27897,2688,27897,95,15557,2023
27882,3766,27882,145,7038,2023
27877,7067,27877,240,26478,2023
27866,2454,27866,23,6820,2023
27823,10160,27823,61,684224,2023
27750,3816,27750,1259,249332,2023
27727,4932,27727,60,14104,2023
27711,748,27711,38,13768,2023
27704,11609,27704,305,30821,2023
27633,6621,27633,151,25538,2023
27616,5561,27616,24,41410,2023
27597,1326,27597,116,14017,2023
27581,699,27581,91,1740,2023
27522,1783,27522,415,177364,2023
27503,1570,27503,19,10310,2023
27495,1512,27495,0,0,2023
27443,2261,27443,83,841,2023
27438,7171,27438,2,8596,2023
27433,985,27433,343,267434,2023
27398,2022,27398,90,6300,2023
27385,8632,27385,258,65609,2023
27343,2700,27343,3168,356111,2023
27312,4360,27312,70,7768,2023
27293,2775,27293,852,14739,2023
27287,2255,27287,155,3092,2023
27286,3310,27286,23,140305,2023
27250,4483,27250,299,32306,2023
27192,3449,27192,6702,2549645,2023
27183,4759,27183,348,158,2023
27165,4925,27165,281,36141,2023
27150,7599,27150,245,86471,2023
27120,11637,27120,0,70241,2023
27092,5285,27092,61,83553,2023
27081,3136,27081,594,21330,2023
27043,958,27043,108,26636,2023
26969,5604,26969,49,6910,2023
26969,7155,26969,45,1188,2023
26912,8397,26912,2639,81464,2023
26911,1858,26911,155,384086,2023
26909,6155,26909,24,437,2023
26889,2595,26889,81,28900,2023
26888,3613,26888,433,2403,2023
26841,3315,26841,256,199,2023
26812,6499,26812,51,10515,2023
26810,1065,26810,92,3206,2023
26748,677,26748,85,49,2023
26732,5878,26732,908,190655,2023
26730,1026,26730,50,72740,2023
26723,3506,26723,234,10094,2023
26665,7561,26665,198,2025093,2023
26627,4579,26627,39,2661,2023
26617,7747,26617,85,13110,2023
26616,5417,26616,104,868034,2023
26576,9337,26576,633,199357,2023
26560,4502,26560,162,108123,2023
26522,9053,26522,566,3143,2023
26488,4594,26488,811,208605,2023
26484,1755,26484,43,19247,2023
26464,4311,26464,1255,429601,2023
26463,11783,26463,230,52265,2023
26445,1319,26445,51,217913,2023
26417,1594,26417,13,9225,2023
26356,7707,26356,20,1584,2023
26351,7123,26351,1,54099,2023
26312,5862,26312,115,6902,2023
26280,1734,26280,144,573,2023
26238,2708,26238,150,709513,2023
26212,2688,26212,319,5251,2023
26212,4128,26212,107,201247,2023
26194,2153,26194,19,410304,2023
26174,4047,26174,298,19110,2023
26171,9094,26171,11,25,2023
26144,1485,26144,375,163339,2023
26129,3639,26129,113,2902,2023
26104,12115,26104,236,126939,2023
26099,1885,26099,1344,282019,2023
26080,4616,26080,1552,232820,2023
26072,19010,26072,547,295791,2023
26059,3254,26059,405,9161,2023
25941,10253,25941,206,8495,2023
25908,5003,25908,416,19138,2023
25881,4751,25881,432,9168,2023
25865,892,25865,88,30838,2023
25778,5355,25778,9,344,2023
25767,5512,25767,328,4492,2023
25763,4474,25763,2837,312754,2023
25763,7238,25763,999,18998,2023
25753,4218,25753,3,1696,2023
25737,3203,25737,17,534,2023
25728,2150,25728,68,6120,2023
25723,1137,25723,83,672724,2023
25711,1894,25711,42,7162,2023
25689,7843,25689,441,21686,2023
25685,3735,25685,279,107749,2023
25651,5276,25651,163,41985,2023
25640,7647,25640,28,1090,2023
25628,2325,25628,185,5336,2023
25627,3236,25627,104,2290,2023
25624,4675,25624,115,3909,2023
25622,1883,25622,440,96281,2023
25611,6592,25611,135,51172,2023
25610,3132,25610,48,37878,2023
25604,2175,25604,1141,72246,2023
25602,6380,25602,100,13998,2023
25601,7761,25601,199,172065,2023
25600,2480,25600,9,950,2023
25594,767,25594,640,22610,2023
25593,3788,25593,1011,8675,2023
25549,2218,25549,15,628,2023
25548,5751,25548,1012,25354,2023
25516,1494,25516,17,28700,2023
25502,3376,25502,1759,166157,2023
25473,6148,25473,839,746281,2023
25469,3044,25469,192,19310,2023
25458,2760,25458,18,41,2023
25437,1961,25437,26,272,2023
25405,4146,25405,75,25044,2023
25366,2762,25366,0,14446,2023
25357,6523,25357,2014,15513,2023
25328,2043,25328,19,7304,2023
25326,834,25326,27,5865,2023
25317,1235,25317,112,48252,2023
25308,1855,25308,130,722,2023
25279,5765,25279,875,204098,2023
25261,1274,25261,13,8259,2023
25240,1715,25240,12,2443,2023
25222,4387,25222,728,80492,2023
25189,5154,25189,407,44714,2023
25159,1969,25159,631,17767,2023
25118,7585,25118,33,49025,2023
25082,1791,25082,90,70,2023
25053,4540,25053,212,26862,2023
25052,2991,25052,866,40228,2023
25015,13043,25015,136,87254,2023
25000,12642,25000,1044,159595,2023
24995,3124,24995,113,154,2023
24982,2415,24982,42,7382,2023
24974,6766,24974,379,6234,2023
24973,3140,24973,502,48092,2023
24960,1444,24960,825,6985,2023
24912,1384,24912,542,2426,2023
24903,3268,24903,336,170048,2023
24901,2189,24901,612,269707,2023
24885,1279,24885,445,5874,2023
24842,13154,24842,75,133371,2023
24838,2672,24838,711,174007,2023
24834,11910,24834,198,154110,2023
24812,1490,24812,137,2659,2023
24792,2030,24792,39,2950,2023
24775,2808,24775,15,38037,2023
24758,1240,24758,896,37469,2023
24737,1474,24737,1007,87026,2023
24724,1722,24724,9,3172,2023
24665,5420,24665,58,8019,2023
24650,5289,24650,262,99701,2023
24632,3248,24632,177,20700,2023
24631,4601,24631,537,8292,2023
24629,1796,24629,44,14048,2023
24622,2620,24622,48,3558,2023
24601,1397,24601,143,6468,2023
24592,5898,24592,55,21360,2023
24565,3020,24565,8,356,2023
24508,6320,24508,31,94797,2023
24491,4505,24491,34,147,2023
24487,7792,24487,471,67208,2023
24437,5294,24437,203,29623,2023
24387,10112,24387,1161,32974,2023
24380,32772,24380,40,46925,2023
24374,2114,24374,23,1885,2023
24361,4688,24361,142,1742,2023
24359,6673,24359,609,20136,2023
24353,2873,24353,553,63817,2023
24322,917,24322,101,1350,2023
24321,3439,24321,318,19901,2023
24321,3469,24321,154,9364,2023
24313,1987,24313,3,507,2023
24277,8672,24277,785,53388,2023
24274,1299,24274,34,12067,2023
24272,2713,24272,149,3201,2023
24235,3378,24235,3,611,2023
24235,21428,24235,1957,6526,2023
24214,4931,24214,284,273479,2023
24180,2525,24180,222,80,2023
24180,8594,24180,373,26681,2023
24051,5087,24051,62,2188946,2023
24044,3509,24044,22,209749,2023
24008,2414,24008,1446,69300,2023
24002,4216,24002,1225,32725,2023
23990,4246,23990,80,4140,2023
23980,2477,23980,84,16082,2023
23938,7392,23938,157,853938,2023
23918,8686,23918,963,467640,2023
23900,5471,23900,266,955,2023
23885,1103,23885,210,158420,2023
23868,1844,23868,202,252194,2023
23843,2667,23843,1233,68277,2023
23840,2928,23840,6,843,2023
23838,2807,23838,1,8680,2023
23835,720,23835,1153,134442,2023
23803,1052,23803,8,7336,2023
23796,79099,23796,186,37125,2023
23793,5526,23793,72,974844,2023
23792,3085,23792,1576,216315,2023
23782,8471,23782,798,14362,2023
23760,3429,23760,34,1310338,2023
23749,2821,23749,827,65827,2023
23668,5786,23668,276,992805,2023
23661,4106,23661,473,14787,2023
23649,4540,23649,77,163385,2023
23646,4486,23646,108,6066,2023
23615,6605,23615,153,778,2023
23580,3476,23580,452,48244,2023
23580,8146,23580,2155,125116,2023
23575,5032,23575,558,65316,2023
23568,3195,23568,481,291093,2023
23562,681,23562,99,143529,2023
23548,3163,23548,5376,6656,2023
23541,5571,23541,254,25996,2023
23541,2656,23541,307,10221,2023
23540,1928,23540,300,37413,2023
23518,2431,23518,333,1465,2023
23511,6511,23511,1894,101039,2023
23507,2592,23507,208,935,2023
23498,1215,23498,486,15559,2023
23493,1349,23493,452,26038,2023
23492,2861,23492,65,13989,2023
23482,948,23482,38,29712,2023
23420,2021,23420,2,4685,2023
23394,4588,23394,185,35047,2023
23393,4699,23393,391,9799,2023
23360,2912,23360,677,126610,2023
23360,5935,23360,55,7285,2023
23351,4073,23351,21,16237,2023
23332,3539,23332,10,48677,2023
23326,564,23326,41,1631,2023
23322,3790,23322,193,117712,2023
23319,994,23319,59,41256,2023
23318,3046,23318,2,6931,2023
23312,2172,23312,1430,78074,2023
23282,9969,23282,44,659922,2023
23276,5732,23276,34,1460817,2023
23272,1506,23272,107,10072,2023
23266,2875,23266,181,75263,2023
23228,3838,23228,140,42892,2023
23224,6168,23224,32,1378,2023
23200,4036,23200,787,27942,2023
23200,2288,23200,14,33858,2023
23197,5563,23197,202,5785,2023
23193,2058,23193,169,580203,2023
23134,2192,23134,714,59566,2023
23094,1849,23094,31,28330,2023
23090,11464,23090,1948,122597,2023
23089,6438,23089,18,138907,2023
23073,2712,23073,3469,1296217,2023
23031,3399,23031,118,520,2023
23005,1463,23005,158,8492,2023
23005,1891,23005,468,1308,2023
23002,2533,23002,12,6294,2023
22993,1772,22993,482,20185,2023
22989,656,22989,237,75636,2023
22984,4951,22984,368,61436,2023
22975,2036,22975,238,4116,2023
22968,2865,22968,264,592,2023
22965,1984,22965,49,698784,2023
22945,4265,22945,235,858,2023
22929,2376,22929,1004,98270,2023
22911,7966,22911,114,20489,2023
22906,3335,22906,597,30540,2023
22885,2451,22885,19,149690,2023
22876,2482,22876,26,37782,2023
22872,1375,22872,207,38344,2023
22834,1411,22834,117,16634,2023
22811,8329,22811,190,21556,2023
22799,3346,22799,19,8800,2023
22797,981,22797,119,24654,2023
22796,915,22796,57,68885,2023
22789,9218,22789,595,3179449,2023
22761,2184,22761,525,28299,2023
22746,5395,22746,5,301082,2023
22741,2625,22741,134,2855,2023
22737,8826,22737,262,5774,2023
22733,4142,22733,129,39599,2023
22721,2506,22721,451,52798,2023
22692,2234,22692,72,989,2023
22646,1310,22646,59,23446,2023
22633,3621,22633,67,68155,2023
22627,1365,22627,1381,132671,2023
22609,3517,22609,2428,3338958,2023
22609,2477,22609,198,9823,2023
22600,2221,22600,123,683,2023
22595,4484,22595,198,1452,2023
22581,1974,22581,565,13145,2023
22559,744,22559,117,19187,2023
22548,1633,22548,946,116367,2023
22543,1846,22543,87,5412,2023
22529,2389,22529,15,10016,2023
22503,3187,22503,53,1237,2023
22501,2011,22501,261,2170,2023
22495,1180,22495,66,10573,2023
22460,1881,22460,38,82923,2023
22459,2098,22459,862,59471,2023
22448,2036,22448,22,8902,2023
22444,4904,22444,639,61221,2023
22444,4298,22444,465,78466,2023
22442,2605,22442,961,100050,2023
22431,2373,22431,285,7319,2023
22419,2451,22419,19,53737,2023
22414,5538,22414,6,11860,2023
22393,2702,22393,958,36831,2023
22390,2408,22390,10,19107,2023
22379,1641,22379,42,40059,2023
22355,765,22355,256,4890,2023
22350,1659,22350,2366,229558,2023
22325,11411,22325,215,33268,2023
22272,1568,22272,1147,34616,2023
22253,2894,22253,193,5478,2023
22252,1253,22252,238,4857,2023
22214,3563,22214,229,36,2023
22203,2492,22203,32,1588,2023
22193,4919,22193,129,369510,2023
22168,4369,22168,50,553,2023
22150,3387,22150,432,1672,2023
22147,3982,22147,0,518104,2023
22138,4237,22138,399,12061,2023
22134,7562,22134,171,5484,2023
22132,688,22132,64,29797,2023
22128,7428,22128,517,405272,2023
22119,3069,22119,383,9541,2023
22106,1484,22106,6,2298,2023
22086,4265,22086,1478,210357,2023
22074,2183,22074,202,1565450,2023
22033,4771,22033,14,13022,2023
22029,2041,22029,62,927,2023
22026,4099,22026,434,3320686,2023
22025,2019,22025,2,1187,2023
22022,3003,22022,293,22206,2023
22008,2628,22008,65,44938,2023
21991,2957,21991,321,131343,2023
21983,1872,21983,1718,118857,2023
21981,5037,21981,158,24647,2023
21978,799,21978,58,17150,2023
21976,3742,21976,128,50567,2023
21974,4183,21974,305,3057,2023
21968,1965,21968,30,3262,2023
21958,2570,21958,328,4333,2023
21955,5900,21955,2,7408,2023
21941,2027,21941,58,30658,2023
21940,3399,21940,129,1116,2023
21932,6962,21932,152,1173,2023
21922,3266,21922,50,78590,2023
21921,4147,21921,5,16507,2023
21906,4579,21906,279,597679,2023
21868,4503,21868,795,202173,2023
21859,6205,21859,70,168246,2023
21825,1017,21825,269,109216,2023
21794,1284,21794,133,3822,2023
21779,9184,21779,2192,284924,2023
21755,6258,21755,77,58059,2023
21727,4737,21727,45,169724,2023
21726,637,21726,315,3876,2023
21723,3518,21723,166,30603,2023
21699,2169,21699,344,32214,2023
21698,4979,21698,215,249489,2023
21690,3472,21690,194,233228,2023
21683,2746,21683,217,378742,2023
21672,1548,21672,148,27532,2023
21655,1110,21655,683,8943,2023
21652,3053,21652,16,44726,2023
21638,3571,21638,49,1345,2023
21592,1122,21592,780,12775,2023
21587,1000,21587,262,1638,2023
21585,4489,21585,622,34510,2023
21580,1709,21580,465,78177,2023
21566,2807,21566,119,21335,2023
21562,3478,21562,92,14494,2023
21558,4777,21558,576,14870,2023
21546,4605,21546,16,10594,2023
21537,2195,21537,27,1140,2023
21533,1993,21533,156,1942,2023
21530,1375,21530,105,1083,2023
21527,6417,21527,283,1102272,2023
21517,4590,21517,6,747,2023
21515,2062,21515,1369,38176,2023
21490,1902,21490,59,10454,2023
21487,1216,21487,365,614,2023
21483,3370,21483,153,18236,2023
21473,1206,21473,193,5349,2023
21438,1443,21438,469,536938,2023
21428,2635,21428,116,2154,2023
21421,1717,21421,33,31215,2023
21415,5605,21415,125,49091,2023
21396,2697,21396,11,7487,2023
21396,2373,21396,174,29894,2023
21377,1424,21377,836,110189,2023
21376,9467,21376,44,243716,2023
21369,4660,21369,994,294727,2023
21349,1140,21349,1,31094,2023
21335,3626,21335,67,17370,2023
21332,3908,21332,22,14827,2023
21310,2153,21310,278,5429,2023
21303,2414,21303,95,5786,2023
21290,5463,21290,0,1393,2023
21290,609,21290,71,4872,2023
21288,12017,21288,1033,498114,2023
21278,2502,21278,374,88589,2023
21273,1289,21273,112,1736,2023
21267,4524,21267,2,6143,2023
21254,3981,21254,442,78579,2023
21249,1661,21249,377,118712,2023
21236,1972,21236,301,14862,2023
21234,3839,21234,0,1300193,2023
21189,1447,21189,151,21834,2023
21186,5064,21186,360,23239,2023
21166,2238,21166,8,1225,2023
21128,5487,21128,218,10036,2023
21109,2477,21109,444,2557,2023
21073,2801,21073,2479,142028,2023
21063,2920,21063,385,3496,2023
21054,1269,21054,892,694667,2023
21021,2334,21021,133,37484,2023
21009,2494,21009,135,878,2023
21008,7600,21008,723,7751,2023
21005,1303,21005,37,8024,2023
20987,898,20987,22,2471,2023
20986,1325,20986,431,23414,2023
20973,2813,20973,308,510,2023
20957,7902,20957,18,253900,2023
20956,5845,20956,26,832,2023
20916,2771,20916,5,39501,2023
20915,10616,20915,68,13238,2023
20897,1337,20897,439,63740,2023
20858,2688,20858,44,3630,2023
20858,2498,20858,12,484,2023
20855,8109,20855,64,153065,2023
20854,814,20854,99,817657,2023
20853,7177,20853,68,27547,2023
20839,7366,20839,1,151086,2023
20832,3769,20832,1930,889979,2023
20832,749,20832,6,4603,2023
20825,1756,20825,28,393,2023
20795,3606,20795,231,756073,2023
20791,5158,20791,12,41134,2023
20779,3501,20779,822,198245,2023
20775,5661,20775,189,18498,2023
20771,1381,20771,218,101401,2023
20767,6851,20767,56,35085,2023
20761,1785,20761,76,94550,2023
20744,855,20744,12,4624,2023
20732,504,20732,1,2285,2023
20729,5953,20729,770,326175,2023
20714,3156,20714,94,1075761,2023
20714,1427,20714,54,7537,2023
20706,1616,20706,19,5838,2023
20705,2111,20705,4,794,2023
20699,8952,20699,0,5587,2023
20670,2339,20670,390,5493,2023
20670,2064,20670,24,4217,2023
20651,3797,20651,172,9306,2023
20642,1932,20642,260,12385,2023
20629,1677,20629,64,3867,2023
